{
  "version": 1,
  "author": "Anonymous maker",
  "editor": "wokwi",
  "parts": [
    { "type": "wokwi-arduino-uno", "id": "uno", "top": 0, "left": 0, "attrs": {} },
    { "type": "wokwi-ds1307", "id": "rtc1", "top": -24.6, "left": -86.3, "attrs": {} },
    { "type": "wokwi-lcd1602", "id": "lcd2", "top": -102.17, "left": 284.8, "attrs": {} }
  ],
  "connections": [
    [ "rtc1:SDA", "uno:A4", "green", [ "h0" ] ],
    [ "rtc1:5V", "uno:5V", "red", [ "h0" ] ],
    [ "rtc1:GND", "uno:GND.1", "black", [ "h192", "v9.6" ] ],
    [ "rtc1:SCL", "uno:A5", "green", [ "h0" ] ],
    [ "lcd2:RS", "uno:8", "green", [ "v0" ] ],
    [ "lcd2:RW", "uno:9", "green", [ "v-28.8", "h-192.1" ] ],
    [ "lcd2:E", "uno:10", "green", [ "v0" ] ],
    [ "lcd2:D4", "uno:11", "green", [ "v0" ] ],
    [ "lcd2:D5", "uno:12", "green", [ "v0" ] ],
    [ "lcd2:D6", "uno:13", "green", [ "v0" ] ],
    [ "lcd2:D7", "uno:A0", "green", [ "v0" ] ]
  ],
  "dependencies": {}
}